{
  "AudioDescriptions": [
    {
      "CodecSettings": {
        "AacSettings": {
          "InputType": "NORMAL",
          "Bitrate": 96000,
          "CodingMode": "CODING_MODE_2_0",
          "RawFormat": "NONE",
          "Spec": "MPEG4",
          "Profile": "LC",
          "RateControlMode": "CBR",
          "SampleRate": 48000
        }
      },
      "AudioTypeControl": "FOLLOW_INPUT",
      "LanguageCodeControl": "FOLLOW_INPUT",
      "AudioSelectorName": "default",
      "Name": "audio_j8tr8"
    },
    {
      "CodecSettings": {
        "AacSettings": {
          "InputType": "NORMAL",
          "Bitrate": 96000,
          "CodingMode": "CODING_MODE_2_0",
          "RawFormat": "NONE",
          "Spec": "MPEG4",
          "Profile": "LC",
          "RateControlMode": "CBR",
          "SampleRate": 48000
        }
      },
      "AudioTypeControl": "FOLLOW_INPUT",
      "LanguageCodeControl": "FOLLOW_INPUT",
      "AudioSelectorName": "default",
      "Name": "audio_6ht2vm"
    },
    {
      "CodecSettings": {
        "AacSettings": {
          "InputType": "NORMAL",
          "Bitrate": 96000,
          "CodingMode": "CODING_MODE_2_0",
          "RawFormat": "NONE",
          "Spec": "MPEG4",
          "Profile": "LC",
          "RateControlMode": "CBR",
          "SampleRate": 48000
        }
      },
      "AudioTypeControl": "FOLLOW_INPUT",
      "LanguageCodeControl": "FOLLOW_INPUT",
      "AudioSelectorName": "default",
      "Name": "audio_s90hue"
    },
    {
      "CodecSettings": {
        "AacSettings": {
          "InputType": "NORMAL",
          "Bitrate": 96000,
          "CodingMode": "CODING_MODE_2_0",
          "RawFormat": "NONE",
          "Spec": "MPEG4",
          "Profile": "LC",
          "RateControlMode": "CBR",
          "SampleRate": 48000
        }
      },
      "AudioTypeControl": "FOLLOW_INPUT",
      "LanguageCodeControl": "FOLLOW_INPUT",
      "AudioSelectorName": "default",
      "Name": "audio_i3rm19"
    },
    {
      "CodecSettings": {
        "AacSettings": {
          "InputType": "NORMAL",
          "Bitrate": 96000,
          "CodingMode": "CODING_MODE_2_0",
          "RawFormat": "NONE",
          "Spec": "MPEG4",
          "Profile": "LC",
          "RateControlMode": "CBR",
          "SampleRate": 48000
        }
      },
      "AudioTypeControl": "FOLLOW_INPUT",
      "LanguageCodeControl": "FOLLOW_INPUT",
      "AudioSelectorName": "default",
      "Name": "audio_ze3rtr"
    }
  ],
  "CaptionDescriptions": [],
  "OutputGroups": [
    {
      "OutputGroupSettings": {
        "MediaPackageGroupSettings": {
          "Destination": {
            "DestinationRefId": "destination1"
          }
        }
      },
      "Name": "HLS HD",
      "Outputs": [
        {
          "AudioDescriptionNames": [
            "audio_j8tr8"
          ],
          "CaptionDescriptionNames": [],
          "OutputName": "_512x288",
          "OutputSettings": {
            "MediaPackageOutputSettings": {}
          },
          "VideoDescriptionName": "_512x288"
        },
        {
          "AudioDescriptionNames": [
            "audio_6ht2vm"
          ],
          "CaptionDescriptionNames": [],
          "OutputName": "_640x360",
          "OutputSettings": {
            "MediaPackageOutputSettings": {}
          },
          "VideoDescriptionName": "_640x360"
        },
        {
          "AudioDescriptionNames": [
            "audio_s90hue"
          ],
          "CaptionDescriptionNames": [],
          "OutputName": "_764x432",
          "OutputSettings": {
            "MediaPackageOutputSettings": {}
          },
          "VideoDescriptionName": "_768x432"
        },
        {
          "AudioDescriptionNames": [
            "audio_i3rm19"
          ],
          "CaptionDescriptionNames": [],
          "OutputName": "_960x540",
          "OutputSettings": {
            "MediaPackageOutputSettings": {}
          },
          "VideoDescriptionName": "_960x540"
        },
        {
          "AudioDescriptionNames": [
            "audio_ze3rtr"
          ],
          "CaptionDescriptionNames": [],
          "OutputName": "_1280x720",
          "OutputSettings": {
            "MediaPackageOutputSettings": {}
          },
          "VideoDescriptionName": "_1280x720"
        }
      ]
    }
  ],
  "TimecodeConfig": {
    "Source": "EMBEDDED"
  },
  "VideoDescriptions": [
    {
      "CodecSettings": {
        "H264Settings": {
          "AfdSignaling": "NONE",
          "ColorMetadata": "INSERT",
          "AdaptiveQuantization": "HIGH",
          "Bitrate": 400000,
          "BufSize": 800000,
          "BufFillPct": 90,
          "EntropyEncoding": "CAVLC",
          "FlickerAq": "ENABLED",
          "FramerateControl": "SPECIFIED",
          "FramerateNumerator": 15,
          "FramerateDenominator": 1,
          "GopBReference": "ENABLED",
          "GopClosedCadence": 1,
          "GopNumBFrames": 3,
          "GopSize": 2,
          "GopSizeUnits": "SECONDS",
          "SubgopLength": "DYNAMIC",
          "ScanType": "PROGRESSIVE",
          "Level": "H264_LEVEL_AUTO",
          "LookAheadRateControl": "HIGH",
          "MaxBitrate": 400000,
          "NumRefFrames": 5,
          "ParControl": "SPECIFIED",
          "ParDenominator": 1,
          "ParNumerator": 1,
          "Profile": "MAIN",
          "RateControlMode": "QVBR",
          "QvbrQualityLevel": 6,
          "Syntax": "DEFAULT",
          "SceneChangeDetect": "ENABLED",
          "SpatialAq": "ENABLED",
          "TemporalAq": "ENABLED",
          "TimecodeInsertion": "DISABLED"
        }
      },
      "Height": 288,
      "Name": "_512x288",
      "RespondToAfd": "NONE",
      "Sharpness": 100,
      "ScalingBehavior": "DEFAULT",
      "Width": 512
    },
    {
      "CodecSettings": {
        "H264Settings": {
          "AfdSignaling": "NONE",
          "ColorMetadata": "INSERT",
          "AdaptiveQuantization": "HIGH",
          "Bitrate": 800000,
          "BufSize": 1600000,
          "BufFillPct": 90,
          "EntropyEncoding": "CAVLC",
          "FlickerAq": "ENABLED",
          "FramerateControl": "SPECIFIED",
          "FramerateNumerator": 30,
          "FramerateDenominator": 1,
          "GopBReference": "ENABLED",
          "GopClosedCadence": 1,
          "GopNumBFrames": 3,
          "GopSize": 2,
          "GopSizeUnits": "SECONDS",
          "SubgopLength": "DYNAMIC",
          "ScanType": "PROGRESSIVE",
          "Level": "H264_LEVEL_AUTO",
          "LookAheadRateControl": "HIGH",
          "MaxBitrate": 800000,
          "NumRefFrames": 5,
          "ParControl": "SPECIFIED",
          "ParDenominator": 1,
          "ParNumerator": 1,
          "Profile": "MAIN",
          "RateControlMode": "QVBR",
          "QvbrQualityLevel": 7,
          "Syntax": "DEFAULT",
          "SceneChangeDetect": "ENABLED",
          "SpatialAq": "ENABLED",
          "TemporalAq": "ENABLED",
          "TimecodeInsertion": "DISABLED"
        }
      },
      "Height": 360,
      "Name": "_640x360",
      "RespondToAfd": "NONE",
      "Sharpness": 100,
      "ScalingBehavior": "DEFAULT",
      "Width": 640
    },
    {
      "CodecSettings": {
        "H264Settings": {
          "AfdSignaling": "NONE",
          "ColorMetadata": "INSERT",
          "AdaptiveQuantization": "HIGH",
          "Bitrate": 1200000,
          "BufSize": 2400000,
          "BufFillPct": 90,
          "EntropyEncoding": "CAVLC",
          "FlickerAq": "ENABLED",
          "FramerateControl": "SPECIFIED",
          "FramerateNumerator": 30,
          "FramerateDenominator": 1,
          "GopBReference": "ENABLED",
          "GopClosedCadence": 1,
          "GopNumBFrames": 3,
          "GopSize": 2,
          "GopSizeUnits": "SECONDS",
          "SubgopLength": "DYNAMIC",
          "ScanType": "PROGRESSIVE",
          "Level": "H264_LEVEL_AUTO",
          "LookAheadRateControl": "HIGH",
          "MaxBitrate": 1200000,
          "NumRefFrames": 5,
          "ParControl": "SPECIFIED",
          "ParDenominator": 1,
          "ParNumerator": 1,
          "Profile": "MAIN",
          "RateControlMode": "QVBR",
          "QvbrQualityLevel": 7,
          "Syntax": "DEFAULT",
          "SceneChangeDetect": "ENABLED",
          "SpatialAq": "ENABLED",
          "TemporalAq": "ENABLED",
          "TimecodeInsertion": "DISABLED"
        }
      },
      "Height": 432,
      "Name": "_768x432",
      "RespondToAfd": "NONE",
      "Sharpness": 100,
      "ScalingBehavior": "DEFAULT",
      "Width": 768
    },
    {
      "CodecSettings": {
        "H264Settings": {
          "AfdSignaling": "NONE",
          "ColorMetadata": "INSERT",
          "AdaptiveQuantization": "HIGH",
          "Bitrate": 1800000,
          "BufSize": 3600000,
          "BufFillPct": 90,
          "EntropyEncoding": "CAVLC",
          "FlickerAq": "ENABLED",
          "FramerateControl": "SPECIFIED",
          "FramerateNumerator": 30,
          "FramerateDenominator": 1,
          "GopBReference": "ENABLED",
          "GopClosedCadence": 1,
          "GopNumBFrames": 3,
          "GopSize": 2,
          "GopSizeUnits": "SECONDS",
          "SubgopLength": "DYNAMIC",
          "ScanType": "PROGRESSIVE",
          "Level": "H264_LEVEL_AUTO",
          "LookAheadRateControl": "HIGH",
          "MaxBitrate": 1800000,
          "NumRefFrames": 5,
          "ParControl": "SPECIFIED",
          "ParDenominator": 1,
          "ParNumerator": 1,
          "Profile": "MAIN",
          "RateControlMode": "QVBR",
          "QvbrQualityLevel": 7,
          "Syntax": "DEFAULT",
          "SceneChangeDetect": "ENABLED",
          "SpatialAq": "ENABLED",
          "TemporalAq": "ENABLED",
          "TimecodeInsertion": "DISABLED"
        }
      },
      "Height": 540,
      "Name": "_960x540",
      "RespondToAfd": "NONE",
      "Sharpness": 100,
      "ScalingBehavior": "DEFAULT",
      "Width": 960
    },
    {
      "CodecSettings": {
        "H264Settings": {
          "AfdSignaling": "NONE",
          "ColorMetadata": "INSERT",
          "AdaptiveQuantization": "HIGH",
          "Bitrate": 2700000,
          "BufSize": 5400000,
          "BufFillPct": 90,
          "EntropyEncoding": "CAVLC",
          "FlickerAq": "ENABLED",
          "FramerateControl": "SPECIFIED",
          "FramerateNumerator": 30,
          "FramerateDenominator": 1,
          "GopBReference": "ENABLED",
          "GopClosedCadence": 1,
          "GopNumBFrames": 3,
          "GopSize": 2,
          "GopSizeUnits": "SECONDS",
          "SubgopLength": "DYNAMIC",
          "ScanType": "PROGRESSIVE",
          "Level": "H264_LEVEL_AUTO",
          "LookAheadRateControl": "HIGH",
          "MaxBitrate": 2700000,
          "NumRefFrames": 5,
          "ParControl": "SPECIFIED",
          "ParDenominator": 1,
          "ParNumerator": 1,
          "Profile": "MAIN",
          "RateControlMode": "QVBR",
          "QvbrQualityLevel": 8,
          "Syntax": "DEFAULT",
          "SceneChangeDetect": "ENABLED",
          "SpatialAq": "ENABLED",
          "TemporalAq": "ENABLED",
          "TimecodeInsertion": "DISABLED"
        }
      },
      "Height": 720,
      "Name": "_1280x720",
      "RespondToAfd": "NONE",
      "Sharpness": 100,
      "ScalingBehavior": "DEFAULT",
      "Width": 1280
    }
  ],
  "AvailConfiguration": {
    "AvailSettings": {
      "Scte35SpliceInsert": {
        "WebDeliveryAllowedFlag": "FOLLOW",
        "NoRegionalBlackoutFlag": "FOLLOW"
      }
    }
  }
}
